LAW-40-1980	مادة ٢	استبدلت الفقرة الأولى من م/٢ وذلك بموجب القانون رقم ١٤ لسنة ١٩٩٥ المنشور في الكويت اليوم، ملحق العدد ٢٠٧ السنة الحادية والأربعون.
LAW-40-1980	مادة ٤	استبدلت الفقرة الأولى من م/٤ وذلك بمقتضى القانون رقم ١٤ لسنة ١٩٩٥ المنشور في الكويت اليوم، ملحق العدد ٢٠٧ السنة الحادية والأربعون.
LAW-40-1980	مادة ٥	استبدلت المادة (٥) بمقتضى القانون رقم ١٤ لسنة ١٩٩٥ المنشور في الكويت اليوم، ملحق العدد ٢٠٧ السنة الحادية والأربعون.
LAW-40-1980	مادة ٨	استبدلت الفقرة الأولى من م/٨ وذلك بمقتضى القانون رقم ١٤ لسنة ١٩٩٥ المنشور في الكويت اليوم ، ملحق العدد ٢٠٧ السنة الحادية والأربعون.
LAW-40-1980	مادة ٩	استبدلت المادة (٩) وذلك بمقتضى القانون رقم ١٤ لسنة ١٩٩٥ المنشور في الكويت اليوم، ملحق العدد ٢٠٧ السنة الحادية والأربعون.
LAW-40-1980	مادة ١٠	استبدلت م/١٠ وذلك بموجب القانون رقم ١٤ لسنة ١٩٩٥ المنشور في الكويت اليوم، ملحق العدد ٢٠٧ السنة الحادية والأربعون.
LAW-40-1980	مادة ١١	استبدلت م/١١ وذلك بمقتضى القانون رقم ١٤ لسنة ١٩٩٥ المنشور في الكويت اليوم، ملحق العدد ٢٠٧ السنة الحادية والأربعون.
LAW-40-1980	مادة ١٢	أضيفت الفقرة رقم ٤ إلى المادة م/١٢ وذلك بمقتضى القانون رقم ١٤ لسنة ١٩٩٥ المنشور في الكويت اليوم، ملحق العدد ٢٠٧ السنة الحادية والأربعون.
LAW-40-1980	مادة ٢٨	استبدلت الفقرة الأولى من م/٢٨ بمقتضى القانون رقم ١٤ لسنة ١٩٩٥ المنشور في الكويت اليوم، ملحق العدد ٢٠٧ السنة الحادية والأربعون.
LAW-40-1980	مادة ٥٠	و (**) أضيفت المادتان ٥٠ و٥١ بمقتضى القانون ١٤لسنة ١٩٩٥، المنشور في الكويت اليوم، ملحق العدد ٢٠٧ السنة الحادية والأربعون.
LAW-40-1980	مادة ٥١	و (**) أضيفت المادتان ٥٠ و٥١ بمقتضى القانون ١٤لسنة ١٩٩٥، المنشور في الكويت اليوم، ملحق العدد ٢٠٧ السنة الحادية والأربعون.
LAW-35-1978	مادة ٢٥	استبدلت الفقرة الأولى من المادة (٢٥) بالقانون رقم ٣٣ لسنة ٢٠٠٣ المنشور في جريدة الكويت اليوم بالعدد ٦١٨ ، وكان النص قبل التعديل: «ترفع الدعوى إلى دائرة الإيجارا
LAW-23-1990	مادة ٢٣	استبدلت المادة ٢٣ بمقتضى المادة الأولى من القانون رقم ١٠ لسنة ١٩٩٦ وكان النص قبل الاستبدال: «رجال القضاء والنيابة العامة عدا من هم في درجة وكيل نيابة (ج) غير قا
LAW-23-1990	مادة ٤٠	استبدلت المادة ٤٠ بمقتضى المادة الأولى من القانون رقم ١٠ لسنة ١٩٩٦ وكان النص قبل الاستبدال: «- تأديب القضاة بجميع درجاتهم من اختصاص مجلس تأديب يشكل على النحو ال
LAW-23-1990	مادة ٤١	استبدلت المادة ٤١ بمقتضى المادة الأولى من القانون رقم ١٠ لسنة ١٩٩٦ وكان النص قبل الاستبدال: «تقام الدعوى التأديبية من النائب العام بناء على طلب وزير العدل من تل
LAW-23-1990	مادة ٤٥	استبدلت الفقرة الثانية من المادة ٤٥ بمقتضى المادة الأولى من القانون رقم ١٠ لسنة ١٩٩٦ وكان النص قبل الاستبدال: «ويحكم المجلس بعد سماع طلبات النيابة العامة ودفاع 
LAW-23-1990	مادة ٤٩	استبدلت المادة ٤٩ بمقتضى المادة الأولى من القانون رقم ١٠ لسنة ١٩٩٦ وكان النص قبل الاستبدال: «يقوم وزير العدل بإبلاغ القاضي بمضمون الحكم الصادر ضده من مجلس التأد
LAW-23-1990	مادة ٥٧	استبدلت المادة ٥٧ بمقتضى المادة الأولى من القانون رقم ٦٩ لسنة ٢٠٠٣ وكان النص قبل الاستبدال: « يقوم بأداء وظيفة النيابة العامة النائب العام وعدد كاف من المحامين 
LAW-23-1990	مادة ٦٠	استبدلت المادة ٦٠ بمقتضى المادة الأولى من القانون رقم ١٠ لسنة ١٩٩٦ وكان النص قبل الاستبدال: « أعضاء النيابة العامة يتبعون جميعاً النائب العام، ويتبع النائب العا
LAW-23-1990	مادة ٦١	استبدلت الفقرتين ١،٢ من المادة ٦١ بمقتضى المادة الأولى من القانون رقم ١٠ لسنة ١٩٩٦ وكان النص قبل الاستبدال: « يكون التعيين في وظيفة النائب العام بمرسوم بناء على
LAW-23-1990	مادة ٦٢	استبدلت الفقرتين الثانية والثالثة من المادة ٦٢ بمقتضى المادة الأولى من القانون رقم ٢ لسنة ٢٠٠٣ وكان النص قبل الاستبدال: « ويكون أداء هذه اليمين بالنسبة للنائب ا
LAW-23-1990	مادة ٦٣	استبدلت الفقرة الثانية من المادة ٦٣بمقتضى المادة الأولى من القانون رقم ١٠ لسنة ١٩٩٦ وكان النص قبل الاستبدال: « أما نقل أعضاء النيابة العامة من نيابة إلى أخرى في
LAW-23-1990	مادة ٦٥	استبدلت المادة ٦٥ بمقتضى المادة الأولى من القانون رقم ١٠ لسنة ١٩٩٦ وكان النص قبل الاستبدال: « لكل من وزير العدل والنائب العام أن يوجه تنبيهاً شفوياً أو كتابياً 
LAW-23-1990	مادة ٦٧	استبدلت المادة ٦٧ بمقتضى المادة الأولى من القانون رقم ١٠ لسنة ١٩٩٦ وكان النص قبل الاستبدال: « تعين وزارة العدل العدد الكافي من الموظفين اللازمين للعمل في المحاك
LAW-35-1962	مادة ٤	عدلت المادة ٤ مرات عدة كان آخرها بالقانون رقم ١٤ لسنة ١٩٩٨، والمنشور في الكويت اليوم، العدد ٣٦٧، السنة الرابعة والأربعون، ص ج. وكان نصها قبل التعديل: على كل ناخ
